{"description":"Cobol Copybook Asset Type","fields":[{"key":"name","type":"string","facet":false,"is_array":false,"search_path":"columns[].name","is_searchable_across_types":false},{"key":"colname","type":"string","facet":false,"is_array":false,"search_path":"columns[].colname","is_searchable_across_types":false},{"key":"level","type":"string","facet":false,"is_array":false,"search_path":"columns[].level","is_searchable_across_types":false},{"key":"line_type","type":"string","facet":false,"is_array":false,"search_path":"columns[].line_type","is_searchable_across_types":false},{"key":"extract_input_from","type":"string","facet":false,"is_array":false,"search_path":"extract.input.from","is_searchable_across_types":false}],"external_asset_preview":{},"relationships":[],"global_search_searchable":[],"name":"cobol_copybook","version":1,"scope":"PROJECT"}