{"fields":[{"key":"name","type":"string","facet":false,"is_array":false,"is_searchable_across_types":false},{"key":"last_update_time","type":"number","facet":false,"is_array":false,"search_path":"metadata.usage.last_update_time","is_searchable_across_types":false},{"key":"last_updated_at","type":"string","facet":false,"is_array":false,"search_path":"metadata.usage.last_updated_at","is_searchable_across_types":false},{"key":"configuration.asset_ref","type":"string","facet":false,"is_array":false,"search_path":"configuration.asset_ref","is_searchable_across_types":false},{"key":"job_ref","type":"string","facet":false,"is_array":false,"is_searchable_across_types":false},{"key":"state","type":"string","facet":false,"is_array":false,"is_searchable_across_types":false},{"key":"duration","type":"number","facet":false,"is_array":false,"is_searchable_across_types":false},{"key":"isScheduledRun","type":"boolean","facet":false,"is_array":false,"is_searchable_across_types":false},{"key":"job_name","type":"string","facet":false,"is_array":false,"is_searchable_across_types":false},{"key":"job_type","type":"string","facet":false,"is_array":false,"is_searchable_across_types":false},{"key":"project_name","type":"string","facet":false,"is_array":false,"is_searchable_across_types":false},{"key":"space_name","type":"string","facet":false,"is_array":false,"is_searchable_across_types":false}],"relationships":[],"identity":{"strategy":"DUPLICATE_DETECTION_NOT_APPLICABLE"},"global_search_searchable":[],"name":"job_run","version":3,"scope":"GLOBAL"}