{"metadata":{"asset_id":"811b54b6-d501-45fe-90d5-4237855e630f","asset_attributes":["data_asset"],"name":"credit_risk_training.csv","asset_type":"data_asset","created_at":"2021-10-15T07:34:51Z","description":"","origin_country":"us","owner_id":"1000331001","project_id":"66554605-69e4-496e-a67d-8a4fa996c804","size":689622,"tags":[],"usage":{"last_update_time":1634283292146,"last_updated_at":"2021-10-15T07:34:52Z"}},"entity":{"data_asset":{"mime_type":"text/csv","dataset":false}},"attachments":[{"id":"51b91193-ea83-4f03-9f01-c909a180791e","version":2,"asset_type":"data_asset","name":"credit_risk_training.csv","mime":"text/csv","datasource_type":"81bafdbd-b7c6-45c5-a4fd-6ec135f66f4e","object_key":"data_asset/credit_risk_training.csv","creator_id":"icp4d-dev","create_time":1634283292017,"size":689622,"is_remote":false,"is_managed":false,"is_referenced":true,"is_object_key_read_only":false,"is_user_provided_path_key":true,"transfer_complete":true,"is_partitioned":false,"complete_time_ticks":1634283292017,"user_data":{},"test_doc":0,"handle":{"key":"data_asset/credit_risk_training.csv","upload_id":"done","max_part_num":1},"usage":{"access_count":0,"last_accessor_id":"icp4d-dev","last_access_time":1634283292017}}]}